image_name	patient_id	sex	age_approx	anatom_site_general_challenge	diagnosis	benign_malignant	target
ISIC_0120729	IP_7836372	male	65	lower extremity	unknown	benign	0
ISIC_0134357	IP_0660290	male	60	torso	unknown	benign	0
ISIC_0214335	IP_0825081	male	80	head/neck	unknown	benign	0
ISIC_0232101	IP_8349964	male	65	torso	melanoma	malignant	1
ISIC_0274382	IP_7600629	male	65	torso	melanoma	malignant	1
ISIC_0275828	IP_7252102	male	30	lower extremity	melanoma	malignant	1
ISIC_0280912	IP_5831170	male	70	torso	melanoma	malignant	1
ISIC_0286360	IP_7729044	male	60	upper extremity	melanoma	malignant	1
ISIC_0327406	IP_7069391	male	40	upper extremity	melanoma	malignant	1
ISIC_0337631	IP_2041319	female	55	torso	melanoma	malignant	1
ISIC_0351666	IP_1665515	male	80	head/neck	melanoma	malignant	1
ISIC_0405211	IP_6977878	male	30	lower extremity	unknown	benign	0
ISIC_0412915	IP_9427625	male	20	upper extremity	unknown	benign	0
ISIC_0442837	IP_2606884	female	45	torso	unknown	benign	0
ISIC_0443835	IP_4251788	male	50	oral/genital	unknown	benign	0
ISIC_0469872	IP_3517456	male	60	upper extremity	unknown	benign	0
ISIC_0483469	IP_4821632	female	30	lower extremity	unknown	benign	0
ISIC_0484171	IP_8414061	male	50	torso	unknown	benign	0
ISIC_0485417	IP_3749901	female	40	upper extremity	nevus	benign	0
ISIC_0502582	IP_9175987	male	65	lower extremity	melanoma	malignant	1
ISIC_0528044	IP_7666205	male	65	torso	melanoma	malignant	1
ISIC_0536980	IP_7817315	female	60	upper extremity	unknown	benign	0
ISIC_0542222	IP_9284916	male	50	lower extremity	nevus	benign	0
ISIC_0571637	IP_7890415	male	60	lower extremity	unknown	benign	0
ISIC_0599605	IP_6130936	male	70	upper extremity	melanoma	malignant	1
ISIC_0620199	IP_3522576	male	45	lower extremity	unknown	benign	0
ISIC_0651200	IP_9102359	male	40	lower extremity	unknown	benign	0
ISIC_0675028	IP_2452694	male	40	upper extremity	unknown	benign	0
ISIC_0690527	IP_2673125	male	60	lower extremity	nevus	benign	0
ISIC_0699098	IP_5765893	female	45	lower extremity	unknown	benign	0
ISIC_0757532	IP_3776424	female	50	torso	nevus	benign	0
ISIC_0758729	IP_6624700	male	65	torso	unknown	benign	0
ISIC_0765397	IP_8951606	male	65	torso	unknown	benign	0
ISIC_0813342	IP_5017621	male	55	torso	unknown	benign	0
ISIC_0824361	IP_7377609	male	20	torso	unknown	benign	0
ISIC_0833889	IP_6352254	female	65	torso	melanoma	malignant	1
ISIC_0845275	IP_5450817	male	60	lower extremity	unknown	benign	0
ISIC_0862745	IP_6006409	female	75	head/neck	melanoma	malignant	1
ISIC_0886878	IP_0307863	male	45	torso	unknown	benign	0
ISIC_0890639	IP_6567258	male	45	torso	nevus	benign	0
ISIC_0911264	IP_7587497	male	65	lower extremity	melanoma	malignant	1
ISIC_0914168	IP_3659172	female	50	torso	melanoma	malignant	1
ISIC_0914968	IP_2538906	female	45	head/neck	nevus	benign	0
ISIC_0943089	IP_0503166	female	50	lower extremity	unknown	benign	0
ISIC_0946787	IP_9738076	female	90	lower extremity	melanoma	malignant	1
ISIC_0953317	IP_2278509	male	65	torso	melanoma	malignant	1
ISIC_0961235	IP_8592890	female	45	torso	melanoma	malignant	1
ISIC_1018265	IP_0961415	male	45	lower extremity	unknown	benign	0
ISIC_1042960	IP_8132023	female	40	palms/soles	unknown	benign	0
ISIC_1051448	IP_7610036	male	65	torso	unknown	benign	0
ISIC_1113490	IP_3237442	male	65	head/neck	melanoma	malignant	1
ISIC_1116483	IP_7782559	male	70	head/neck	melanoma	malignant	1
ISIC_1124434	IP_3391715	female	50	lower extremity	melanoma	malignant	1
ISIC_1154109	IP_5496892	male	50	lower extremity	unknown	benign	0
ISIC_1159891	IP_8702124	female	50	torso	melanoma	malignant	1
ISIC_1164824	IP_4842370	female	45	torso	unknown	benign	0
ISIC_1168311	IP_9985810	female	45	torso	nevus	benign	0
ISIC_1207811	IP_5221820	female	50	upper extremity	unknown	benign	0
ISIC_1210011	IP_3010556	male	75	torso	melanoma	malignant	1
ISIC_1219427	IP_6071452	male	70	head/neck	unknown	benign	0
ISIC_1241304	IP_4050705	female	40	torso	unknown	benign	0
ISIC_1280780	IP_7069391	male	40	upper extremity	unknown	benign	0
ISIC_1330008	IP_9373614	female	45	lower extremity	melanoma	malignant	1
ISIC_1341272	IP_7765741	male	55	torso	unknown	benign	0
ISIC_1349234	IP_4938349	male	70	torso	unknown	benign	0
ISIC_1375200	IP_1931050	male	55	torso	unknown	benign	0
ISIC_1380069	IP_2166250	male	30	lower extremity	unknown	benign	0
ISIC_1383620	IP_1010643	male	75	upper extremity	unknown	benign	0
ISIC_1392776	IP_6889672	male	25	upper extremity	unknown	benign	0
ISIC_1393771	IP_4391034	female	70	torso	melanoma	malignant	1
ISIC_1412843	IP_2160700	male	35	lower extremity	melanoma	malignant	1
ISIC_1421568	IP_0093378	male	55	torso	unknown	benign	0
ISIC_1440985	IP_3237442	male	65	head/neck	melanoma	malignant	1
ISIC_1442601	IP_8590096	male	75	lower extremity	nevus	benign	0
ISIC_1452175	IP_5287467	male	70	torso	unknown	benign	0
ISIC_1452314	IP_3531652	male	40	lower extremity	unknown	benign	0
ISIC_1460932	IP_4639224	male	55	lower extremity	melanoma	malignant	1
ISIC_1461419	IP_3689742	male	60	lower extremity	unknown	benign	0
ISIC_1464939	IP_7817315	female	60	upper extremity	unknown	benign	0
ISIC_1472731	IP_6175417	female	50	upper extremity	unknown	benign	0
ISIC_1481965	IP_8534235	female	60	torso	unknown	benign	0
ISIC_1485908	IP_8791409	female	40	torso	unknown	benign	0
ISIC_1570960	IP_1920963	female	60	torso	nevus	benign	0
ISIC_1580068	IP_4095099	female	40	torso	nevus	benign	0
ISIC_1618730	IP_5805281	male	50	torso	unknown	benign	0
ISIC_1637750	IP_4479736	female	25	torso	unknown	benign	0
ISIC_1654342	IP_8236928	female	65	lower extremity	melanoma	malignant	1
ISIC_1684127	IP_5110222	male	30	torso	melanoma	malignant	1
ISIC_1785627	IP_0170821	female	40	upper extremity	melanoma	malignant	1
ISIC_1788746	IP_0998852	female	70	torso	unknown	benign	0
ISIC_1797795	IP_9055249	male	40	torso	melanoma	malignant	1
ISIC_1807379	IP_9245079	male	40	NA	nevus	benign	0
ISIC_1834920	IP_5370714	female	70	torso	melanoma	malignant	1
ISIC_1869864	IP_8213239	male	55	lower extremity	unknown	benign	0
ISIC_1870415	IP_1921028	male	25	upper extremity	melanoma	malignant	1
ISIC_1894639	IP_8936266	female	55	torso	nevus	benign	0
ISIC_1912757	IP_2189124	male	40	head/neck	unknown	benign	0
ISIC_1952749	IP_5496892	male	55	upper extremity	melanoma	malignant	1
ISIC_1956504	IP_7373371	female	55	upper extremity	melanoma	malignant	1
ISIC_1968421	IP_2026598	male	20	lower extremity	melanoma	malignant	1
ISIC_1977026	IP_6331798	female	25	torso	unknown	benign	0
ISIC_1995369	IP_6049920	female	55	torso	unknown	benign	0
ISIC_2011299	IP_0039318	male	35	upper extremity	unknown	benign	0
ISIC_2027490	IP_9327025	male	50	torso	unknown	benign	0
ISIC_2034311	IP_9001826	female	30	torso	unknown	benign	0
ISIC_2069039	IP_2394927	male	40	lower extremity	nevus	benign	0
ISIC_2101389	IP_2785084	male	60	lower extremity	nevus	benign	0
ISIC_2105563	IP_1264754	female	65	NA	melanoma	malignant	1
ISIC_2121383	IP_2809878	female	35	torso	unknown	benign	0
ISIC_2141237	IP_9718268	female	85	torso	melanoma	malignant	1
ISIC_2150010	IP_8869881	female	25	lower extremity	unknown	benign	0
ISIC_2153686	IP_7373371	female	55	upper extremity	melanoma	malignant	1
ISIC_2160379	IP_3882858	male	55	head/neck	unknown	benign	0
ISIC_2176112	IP_5294508	male	55	head/neck	melanoma	malignant	1
ISIC_2182856	IP_4762742	female	50	upper extremity	melanoma	malignant	1
ISIC_2183722	IP_1672936	female	20	lower extremity	unknown	benign	0
ISIC_2194936	IP_4479736	female	25	lower extremity	unknown	benign	0
ISIC_2232442	IP_7868912	male	60	lower extremity	melanoma	malignant	1
ISIC_2245325	IP_5537648	male	50	palms/soles	unknown	benign	0
ISIC_2248231	IP_9853347	male	55	torso	unknown	benign	0
ISIC_2255411	IP_7868912	male	65	upper extremity	melanoma	malignant	1
ISIC_2282273	IP_4938349	male	70	torso	unknown	benign	0
ISIC_2302257	IP_3878510	female	40	lower extremity	nevus	benign	0
ISIC_2311665	IP_6648913	female	70	torso	melanoma	malignant	1
ISIC_2320481	IP_9205637	male	65	torso	melanoma	malignant	1
ISIC_2331415	IP_9232483	female	45	torso	unknown	benign	0
ISIC_2332858	IP_1139701	female	45	lower extremity	unknown	benign	0
ISIC_2337907	IP_6397153	female	55	upper extremity	melanoma	malignant	1
ISIC_2339196	IP_7005083	female	40	torso	unknown	benign	0
ISIC_2342769	IP_7270568	female	65	head/neck	melanoma	malignant	1
ISIC_2384341	IP_0901675	female	70	upper extremity	unknown	benign	0
ISIC_2412113	IP_2025600	female	45	upper extremity	melanoma	malignant	1
ISIC_2414298	IP_6017204	female	35	lower extremity	unknown	benign	0
ISIC_2442872	IP_7890415	male	60	torso	unknown	benign	0
ISIC_2452083	IP_4314793	female	20	upper extremity	unknown	benign	0
ISIC_2479269	IP_4479736	female	25	lower extremity	unknown	benign	0
ISIC_2481044	IP_9373614	female	50	torso	melanoma	malignant	1
ISIC_2510414	IP_2026598	male	20	lower extremity	unknown	benign	0
ISIC_2511975	IP_2263888	female	70	lower extremity	unknown	benign	0
ISIC_2525084	IP_6614604	male	25	upper extremity	melanoma	malignant	1
ISIC_2535541	IP_1999627	male	80	head/neck	melanoma	malignant	1
ISIC_2546644	IP_6835202	female	60	torso	nevus	benign	0
ISIC_2553934	IP_0358698	male	50	lower extremity	nevus	benign	0
ISIC_2599583	IP_8766487	female	40	torso	unknown	benign	0
ISIC_2629965	IP_8027787	male	75	torso	unknown	benign	0
ISIC_2673076	IP_7207550	male	55	head/neck	unknown	benign	0
ISIC_2717628	IP_4548568	male	40	torso	unknown	benign	0
ISIC_2720971	IP_9373614	female	50	torso	melanoma	malignant	1
ISIC_2724529	IP_5234470	male	45	upper extremity	melanoma	malignant	1
ISIC_2787702	IP_9624164	male	70	head/neck	melanoma	malignant	1
ISIC_2800079	IP_3739659	female	60	upper extremity	unknown	benign	0
ISIC_2823287	IP_1106509	male	75	torso	melanoma	malignant	1
ISIC_2832584	IP_8592890	female	45	torso	unknown	benign	0
ISIC_2837581	IP_4281194	female	90	head/neck	melanoma	malignant	1
ISIC_2844539	IP_8154616	female	80	lower extremity	melanoma	malignant	1
ISIC_2882172	IP_2725676	female	55	lower extremity	unknown	benign	0
ISIC_2919360	IP_9802602	male	55	lower extremity	unknown	benign	0
ISIC_2957732	IP_9623174	male	45	lower extremity	melanoma	malignant	1
ISIC_2975580	IP_8841455	male	70	head/neck	melanoma	malignant	1
ISIC_2977718	IP_8988837	male	45	head/neck	unknown	benign	0
ISIC_3009877	IP_9392784	female	35	lower extremity	melanoma	malignant	1
ISIC_3010219	IP_0894335	female	40	torso	unknown	benign	0
ISIC_3021496	IP_7121757	female	35	torso	unknown	benign	0
ISIC_3058615	IP_2047697	female	35	torso	unknown	benign	0
ISIC_3084312	IP_3076695	female	75	lower extremity	melanoma	malignant	1
ISIC_3120665	IP_1135236	male	45	torso	nevus	benign	0
ISIC_3127969	IP_7894646	male	70	torso	unknown	benign	0
ISIC_3128414	IP_1179846	male	60	lower extremity	unknown	benign	0
ISIC_3146077	IP_9315856	female	50	lower extremity	unknown	benign	0
ISIC_3155020	IP_4978372	male	60	head/neck	unknown	benign	0
ISIC_3168448	IP_8975630	male	85	torso	unknown	benign	0
ISIC_3202829	IP_1470733	male	70	lower extremity	unknown	benign	0
ISIC_3203344	IP_5852997	male	60	torso	melanoma	malignant	1
ISIC_3207651	IP_9954107	male	70	torso	melanoma	malignant	1
ISIC_3241636	IP_2959285	male	75	lower extremity	melanoma	malignant	1
ISIC_3262383	IP_7808060	female	55	head/neck	unknown	benign	0
ISIC_3267259	IP_3048629	male	55	torso	unknown	benign	0
ISIC_3288311	IP_3751991	female	40	torso	unknown	benign	0
ISIC_3301933	IP_5033731	female	55	lower extremity	melanoma	malignant	1
ISIC_3317953	IP_9263039	female	65	upper extremity	unknown	benign	0
ISIC_3319229	IP_8326844	female	50	torso	melanoma	malignant	1
ISIC_3342474	IP_5176722	male	55	torso	nevus	benign	0
ISIC_3343475	IP_4576785	male	80	head/neck	melanoma	malignant	1
ISIC_3349007	IP_9427625	male	20	torso	unknown	benign	0
ISIC_3356497	IP_0989858	female	30	torso	unknown	benign	0
ISIC_3361126	IP_3603767	female	60	torso	unknown	benign	0
ISIC_3380520	IP_7499536	male	40	lower extremity	unknown	benign	0
ISIC_3391427	IP_4956722	male	60	torso	melanoma	malignant	1
ISIC_3397501	IP_2301815	female	35	upper extremity	unknown	benign	0
ISIC_3424634	IP_1051664	male	35	torso	nevus	benign	0
ISIC_3435596	IP_9746668	female	85	torso	melanoma	malignant	1
ISIC_3441198	IP_7517320	male	60	torso	unknown	benign	0
ISIC_3464344	IP_5639149	female	65	head/neck	melanoma	malignant	1
ISIC_3486658	IP_2139337	male	30	lower extremity	unknown	benign	0
ISIC_3561065	IP_1495267	female	75	upper extremity	melanoma	malignant	1
ISIC_3613012	IP_4880648	female	40	lower extremity	unknown	benign	0
ISIC_3635991	IP_5577320	female	50	torso	unknown	benign	0
ISIC_3657408	IP_7997841	male	30	torso	unknown	benign	0
ISIC_3662337	IP_4021847	male	40	lower extremity	unknown	benign	0
ISIC_3694194	IP_9450101	female	45	torso	unknown	benign	0
ISIC_3697702	IP_2809878	female	45	torso	melanoma	malignant	1
ISIC_3698568	IP_6643545	male	70	lower extremity	seborrheic keratosis	benign	0
ISIC_3699523	IP_3707904	male	85	lower extremity	unknown	benign	0
ISIC_3707360	IP_8916501	male	50	lower extremity	unknown	benign	0
ISIC_3734724	IP_2823211	male	55	palms/soles	unknown	benign	0
ISIC_3736869	IP_9899071	female	35	torso	unknown	benign	0
ISIC_3738751	IP_0274810	male	60	torso	melanoma	malignant	1
ISIC_3742470	IP_5604493	female	40	torso	unknown	benign	0
ISIC_3775417	IP_1512731	male	30	lower extremity	melanoma	malignant	1
ISIC_3778192	IP_8972853	female	35	torso	melanoma	malignant	1
ISIC_3812244	IP_4382720	female	50	torso	unknown	benign	0
ISIC_3824206	IP_8759634	female	35	torso	melanoma	malignant	1
ISIC_3871230	IP_9024040	male	70	lower extremity	unknown	benign	0
ISIC_3882949	IP_6353955	male	55	torso	unknown	benign	0
ISIC_3909039	IP_9623174	male	50	lower extremity	melanoma	malignant	1
ISIC_3923764	IP_7207550	male	55	torso	nevus	benign	0
ISIC_3924772	IP_1362494	female	50	head/neck	unknown	benign	0
ISIC_3936223	IP_3293726	male	80	torso	melanoma	malignant	1
ISIC_3965087	IP_1273286	male	50	torso	melanoma	malignant	1
ISIC_3973365	IP_0039318	male	35	upper extremity	unknown	benign	0
ISIC_3976496	IP_4211276	female	80	torso	melanoma	malignant	1
ISIC_4016929	IP_6918410	male	60	upper extremity	unknown	benign	0
ISIC_4057634	IP_0951571	female	60	torso	unknown	benign	0
ISIC_4069633	IP_7651325	female	70	torso	unknown	benign	0
ISIC_4086726	IP_0768507	male	75	lower extremity	nevus	benign	0
ISIC_4110997	IP_9616517	female	40	head/neck	unknown	benign	0
ISIC_4129894	IP_4479736	female	25	lower extremity	unknown	benign	0
ISIC_4136832	IP_6894159	female	65	torso	unknown	benign	0
ISIC_4158432	IP_9738076	female	80	torso	unknown	benign	0
ISIC_4163686	IP_1557755	female	45	upper extremity	melanoma	malignant	1
ISIC_4173783	IP_8069409	male	30	lower extremity	unknown	benign	0
ISIC_4190910	IP_2263888	female	65	upper extremity	unknown	benign	0
ISIC_4219834	IP_8418821	male	55	upper extremity	nevus	benign	0
ISIC_4227174	IP_8375111	male	40	torso	unknown	benign	0
ISIC_4230049	IP_3449666	female	45	torso	melanoma	malignant	1
ISIC_4297655	IP_1244021	female	35	torso	unknown	benign	0
ISIC_4323070	IP_2026598	male	20	torso	unknown	benign	0
ISIC_4327560	IP_7735373	male	55	head/neck	unknown	benign	0
ISIC_4346693	IP_3293726	male	75	torso	melanoma	malignant	1
ISIC_4351077	IP_8965673	female	65	lower extremity	unknown	benign	0
ISIC_4362713	IP_9997715	female	75	torso	melanoma	malignant	1
ISIC_4377208	IP_8776152	male	75	torso	melanoma	malignant	1
ISIC_4378189	IP_3637671	male	85	lower extremity	melanoma	malignant	1
ISIC_4379942	IP_3776544	male	45	upper extremity	nevus	benign	0
ISIC_4383671	IP_8340768	male	60	upper extremity	unknown	benign	0
ISIC_4391942	IP_8414061	male	50	torso	unknown	benign	0
ISIC_4398011	IP_0718832	female	55	torso	melanoma	malignant	1
ISIC_4400664	IP_0446831	male	35	torso	unknown	benign	0
ISIC_4436342	IP_4479736	female	25	lower extremity	unknown	benign	0
ISIC_4587506	IP_7684360	male	55	torso	unknown	benign	0
ISIC_4619789	IP_2422802	male	55	torso	melanoma	malignant	1
ISIC_4627348	IP_7121757	female	35	torso	unknown	benign	0
ISIC_4650046	IP_8247808	female	35	lower extremity	unknown	benign	0
ISIC_4665415	IP_4109313	male	30	torso	unknown	benign	0
ISIC_4667975	IP_5152468	female	25	upper extremity	unknown	benign	0
ISIC_4676270	IP_7460121	female	55	torso	melanoma	malignant	1
ISIC_4719028	IP_6977878	male	30	torso	unknown	benign	0
ISIC_4730066	IP_2302748	female	60	lower extremity	melanoma	malignant	1
ISIC_4731097	IP_4565105	female	55	torso	unknown	benign	0
ISIC_4742488	IP_8442345	male	35	upper extremity	unknown	benign	0
ISIC_4752289	IP_3690477	male	60	upper extremity	unknown	benign	0
ISIC_4767345	IP_9544996	female	35	torso	unknown	benign	0
ISIC_4792234	IP_3057277	male	45	NA	unknown	benign	0
ISIC_4815636	IP_0612651	female	25	lower extremity	unknown	benign	0
ISIC_4828093	IP_4281194	female	80	torso	unknown	benign	0
ISIC_4842587	IP_2789041	male	70	lower extremity	melanoma	malignant	1
ISIC_4863236	IP_3232631	female	65	lower extremity	unknown	benign	0
ISIC_4883330	IP_7079700	male	70	upper extremity	unknown	benign	0
ISIC_4911407	IP_0738123	female	55	torso	nevus	benign	0
ISIC_4920166	IP_5174964	male	35	torso	unknown	benign	0
ISIC_4927573	IP_2950485	female	40	torso	unknown	benign	0
ISIC_4928553	IP_3008149	male	65	torso	unknown	benign	0
ISIC_4945233	IP_3549978	female	40	lower extremity	unknown	benign	0
ISIC_4960802	IP_5311557	female	45	torso	melanoma	malignant	1
ISIC_4969221	IP_6228063	female	20	torso	unknown	benign	0
ISIC_4969249	IP_9424914	male	45	upper extremity	unknown	benign	0
ISIC_5021861	IP_0718832	female	45	upper extremity	melanoma	malignant	1
ISIC_5044438	IP_1122600	female	65	lower extremity	melanoma	malignant	1
ISIC_5046082	IP_2019626	male	55	torso	melanoma	malignant	1
ISIC_5052630	IP_5698400	female	30	torso	nevus	benign	0
ISIC_5076396	IP_0963996	female	40	lower extremity	unknown	benign	0
ISIC_5084796	IP_4479736	female	25	torso	unknown	benign	0
ISIC_5096336	IP_0656529	male	60	lower extremity	unknown	benign	0
ISIC_5106239	IP_9115451	male	75	torso	unknown	benign	0
ISIC_5113169	IP_0612651	female	25	upper extremity	unknown	benign	0
ISIC_5130916	IP_4116267	female	75	torso	unknown	benign	0
ISIC_5140952	IP_1264754	female	65	lower extremity	melanoma	malignant	1
ISIC_5145347	IP_3722746	male	50	lower extremity	nevus	benign	0
ISIC_5162875	IP_6885799	female	45	lower extremity	unknown	benign	0
ISIC_5163523	IP_8091497	male	45	torso	unknown	benign	0
ISIC_5166798	IP_9927968	male	25	torso	melanoma	malignant	1
ISIC_5199342	IP_6614604	male	25	lower extremity	unknown	benign	0
ISIC_5230345	IP_2752722	male	30	lower extremity	unknown	benign	0
ISIC_5247560	IP_4576785	male	75	torso	melanoma	malignant	1
ISIC_5258657	IP_9013996	female	75	lower extremity	melanoma	malignant	1
ISIC_5272223	IP_5357759	female	65	upper extremity	melanoma	malignant	1
ISIC_5297111	IP_9679829	male	30	upper extremity	unknown	benign	0
ISIC_5309814	IP_0878241	male	70	torso	unknown	benign	0
ISIC_5337622	IP_2760044	male	40	torso	unknown	benign	0
ISIC_5343231	IP_1515878	female	65	head/neck	melanoma	malignant	1
ISIC_5365617	IP_4996313	female	50	torso	melanoma	malignant	1
ISIC_5369000	IP_8661408	male	70	head/neck	melanoma	malignant	1
ISIC_5388851	IP_4117284	male	50	torso	unknown	benign	0
ISIC_5419016	IP_6945048	male	35	lower extremity	unknown	benign	0
ISIC_5425595	IP_6017204	female	35	torso	unknown	benign	0
ISIC_5434275	IP_3248713	female	65	head/neck	unknown	benign	0
ISIC_5442464	IP_2922983	female	40	upper extremity	nevus	benign	0
ISIC_5459997	IP_3120589	female	50	head/neck	unknown	benign	0
ISIC_5460120	IP_3776544	male	40	upper extremity	nevus	benign	0
ISIC_5490247	IP_1214216	female	60	torso	unknown	benign	0
ISIC_5495413	IP_8666570	male	45	torso	melanoma	malignant	1
ISIC_5497210	IP_8806573	female	60	upper extremity	unknown	benign	0
ISIC_5504322	IP_2586665	female	45	torso	unknown	benign	0
ISIC_5533992	IP_3752129	male	45	lower extremity	melanoma	malignant	1
ISIC_5536616	IP_5874294	male	70	torso	unknown	benign	0
ISIC_5557777	IP_7203968	female	50	lower extremity	unknown	benign	0
ISIC_5561003	IP_8020102	male	45	lower extremity	melanoma	malignant	1
ISIC_5581931	IP_2068150	male	85	head/neck	melanoma	malignant	1
ISIC_5602924	IP_9232483	female	45	torso	unknown	benign	0
ISIC_5623844	IP_8791190	male	60	torso	unknown	benign	0
ISIC_5654818	IP_7688669	female	50	torso	nevus	benign	0
ISIC_5721292	IP_0492456	female	35	upper extremity	unknown	benign	0
ISIC_5730062	IP_6616887	female	70	torso	nevus	benign	0
ISIC_5746706	IP_6175417	female	40	torso	unknown	benign	0
ISIC_5747486	IP_5715797	male	20	torso	melanoma	malignant	1
ISIC_5754214	IP_0719925	male	60	torso	unknown	benign	0
ISIC_5792189	IP_1039996	male	35	NA	unknown	benign	0
ISIC_5797062	IP_9619666	male	70	lower extremity	melanoma	malignant	1
ISIC_5799264	IP_9316325	male	60	lower extremity	unknown	benign	0
ISIC_5814903	IP_4966841	male	50	NA	unknown	benign	0
ISIC_5829938	IP_3237442	male	80	upper extremity	melanoma	malignant	1
ISIC_5833957	IP_6538458	female	50	lower extremity	unknown	benign	0
ISIC_5867911	IP_7412558	male	55	upper extremity	melanoma	malignant	1
ISIC_5874721	IP_7211398	male	50	torso	unknown	benign	0
ISIC_5891866	IP_8547782	male	50	torso	nevus	benign	0
ISIC_5893001	IP_9346829	female	60	upper extremity	unknown	benign	0
ISIC_5894728	IP_1179846	male	60	head/neck	unknown	benign	0
ISIC_5895571	IP_0738123	female	50	torso	nevus	benign	0
ISIC_5922588	IP_0855064	male	60	upper extremity	melanoma	malignant	1
ISIC_5941264	IP_4080851	male	50	torso	nevus	benign	0
ISIC_5960534	IP_5450817	male	60	lower extremity	unknown	benign	0
ISIC_5960765	IP_9826439	male	55	lower extremity	nevus	benign	0
ISIC_5976039	IP_6292705	male	55	head/neck	unknown	benign	0
ISIC_5979771	IP_6873524	female	45	torso	unknown	benign	0
ISIC_5998513	IP_1152723	male	25	torso	nevus	benign	0
ISIC_6017985	IP_6049920	female	50	lower extremity	melanoma	malignant	1
ISIC_6034199	IP_8701813	male	65	torso	nevus	benign	0
ISIC_6056121	IP_8590096	male	75	torso	melanoma	malignant	1
ISIC_6089318	IP_2430100	female	65	torso	melanoma	malignant	1
ISIC_6110888	IP_7303276	male	75	torso	melanoma	malignant	1
ISIC_6119156	IP_6341009	female	50	torso	nevus	benign	0
ISIC_6139375	IP_7908565	male	45	torso	unknown	benign	0
ISIC_6144317	IP_7130762	female	45	lower extremity	unknown	benign	0
ISIC_6185493	IP_3237448	male	30	torso	nevus	benign	0
ISIC_6220625	IP_7373371	female	55	upper extremity	melanoma	malignant	1
ISIC_6228963	IP_3863213	male	90	torso	melanoma	malignant	1
ISIC_6238016	IP_7804786	male	50	torso	unknown	benign	0
ISIC_6244808	IP_2041319	female	60	lower extremity	unknown	benign	0
ISIC_6248008	IP_9086201	female	40	oral/genital	melanoma	malignant	1
ISIC_6249885	IP_2147407	female	35	upper extremity	unknown	benign	0
ISIC_6251647	IP_8267064	female	30	torso	unknown	benign	0
ISIC_6255113	IP_1039004	female	75	upper extremity	melanoma	malignant	1
ISIC_6256797	IP_6982571	male	25	torso	unknown	benign	0
ISIC_6316781	IP_1197949	male	50	oral/genital	unknown	benign	0
ISIC_6326790	IP_0093378	male	55	upper extremity	unknown	benign	0
ISIC_6354541	IP_1244021	female	35	torso	unknown	benign	0
ISIC_6385220	IP_3350187	male	65	torso	unknown	benign	0
ISIC_6388815	IP_5724618	female	35	upper extremity	unknown	benign	0
ISIC_6404049	IP_1122600	female	65	lower extremity	melanoma	malignant	1
ISIC_6410830	IP_2428722	female	45	upper extremity	unknown	benign	0
ISIC_6434878	IP_9115076	male	50	torso	unknown	benign	0
ISIC_6441985	IP_1188709	female	30	torso	unknown	benign	0
ISIC_6464152	IP_6512345	male	65	lower extremity	unknown	benign	0
ISIC_6501071	IP_0699776	male	85	lower extremity	nevus	benign	0
ISIC_6506481	IP_5768092	female	60	torso	nevus	benign	0
ISIC_6508516	IP_1962690	female	50	upper extremity	unknown	benign	0
ISIC_6509682	IP_8094083	male	45	upper extremity	melanoma	malignant	1
ISIC_6512037	IP_7145044	female	60	upper extremity	nevus	benign	0
ISIC_6516710	IP_2465701	female	60	upper extremity	melanoma	malignant	1
ISIC_6526489	IP_5550558	male	50	torso	melanoma	malignant	1
ISIC_6535502	IP_1139701	female	45	torso	unknown	benign	0
ISIC_6539127	IP_6021072	female	65	torso	melanoma	malignant	1
ISIC_6541615	IP_9115076	male	50	torso	melanoma	malignant	1
ISIC_6555039	IP_8313778	male	45	head/neck	seborrheic keratosis	benign	0
ISIC_6561111	IP_9037179	male	70	torso	melanoma	malignant	1
ISIC_6581411	IP_8687520	male	60	torso	melanoma	malignant	1
ISIC_6584579	IP_4130585	female	65	lower extremity	melanoma	malignant	1
ISIC_6595186	IP_9407275	female	45	torso	unknown	benign	0
ISIC_6610220	IP_4871455	male	75	lower extremity	nevus	benign	0
ISIC_6637542	IP_4879325	female	55	head/neck	unknown	benign	0
ISIC_6688417	IP_0961415	male	45	NA	melanoma	malignant	1
ISIC_6713432	IP_8734172	male	45	torso	melanoma	malignant	1
ISIC_6731659	IP_4382720	female	50	lower extremity	unknown	benign	0
ISIC_6732560	IP_9370254	male	55	torso	unknown	benign	0
ISIC_6767569	IP_7665112	male	70	head/neck	melanoma	malignant	1
ISIC_6782898	IP_9756233	male	60	torso	nevus	benign	0
ISIC_6784593	IP_9086201	female	40	torso	melanoma	malignant	1
ISIC_6785680	IP_8171851	female	55	torso	melanoma	malignant	1
ISIC_6790642	IP_8869881	female	25	upper extremity	unknown	benign	0
ISIC_6809586	IP_1173567	male	70	upper extremity	melanoma	malignant	1
ISIC_6829008	IP_9635781	female	50	lower extremity	melanoma	malignant	1
ISIC_6851408	IP_9175987	male	65	head/neck	melanoma	malignant	1
ISIC_6862411	IP_2950485	female	40	torso	unknown	benign	0
ISIC_6904082	IP_5715797	male	25	torso	melanoma	malignant	1
ISIC_6927840	IP_9086201	female	40	oral/genital	melanoma	malignant	1
ISIC_6942437	IP_4080851	male	45	torso	nevus	benign	0
ISIC_6965441	IP_1567348	male	70	upper extremity	unknown	benign	0
ISIC_6970590	IP_6885799	female	45	lower extremity	unknown	benign	0
ISIC_6977092	IP_7113209	male	40	lower extremity	unknown	benign	0
ISIC_7032028	IP_3523452	female	20	head/neck	unknown	benign	0
ISIC_7035246	IP_1728609	male	55	torso	melanoma	malignant	1
ISIC_7043313	IP_4416742	female	60	torso	unknown	benign	0
ISIC_7049442	IP_9992027	female	50	upper extremity	unknown	benign	0
ISIC_7068754	IP_1139701	female	45	upper extremity	unknown	benign	0
ISIC_7095615	IP_8753181	male	40	upper extremity	nevus	benign	0
ISIC_7101810	IP_5295861	male	70	upper extremity	unknown	benign	0
ISIC_7106500	IP_9002821	male	35	torso	nevus	benign	0
ISIC_7125485	IP_9961030	male	70	torso	unknown	benign	0
ISIC_7128019	IP_3714517	male	40	torso	nevus	benign	0
ISIC_7130929	IP_0442139	female	60	lower extremity	melanoma	malignant	1
ISIC_7189073	IP_3120589	female	55	lower extremity	unknown	benign	0
ISIC_7190243	IP_1480975	female	45	torso	melanoma	malignant	1
ISIC_7240957	IP_3370847	male	40	lower extremity	unknown	benign	0
ISIC_7242384	IP_8575171	male	45	torso	melanoma	malignant	1
ISIC_7261174	IP_8041141	female	15	head/neck	melanoma	malignant	1
ISIC_7271003	IP_5384571	male	50	upper extremity	unknown	benign	0
ISIC_7281080	IP_0775515	male	50	torso	unknown	benign	0
ISIC_7281308	IP_1188709	female	30	lower extremity	unknown	benign	0
ISIC_7287303	IP_5368914	male	65	lower extremity	melanoma	malignant	1
ISIC_7300631	IP_8631184	female	65	torso	unknown	benign	0
ISIC_7335095	IP_9563768	female	50	torso	unknown	benign	0
ISIC_7346228	IP_1039004	female	75	head/neck	melanoma	malignant	1
ISIC_7363304	IP_9131123	female	40	torso	unknown	benign	0
ISIC_7371801	IP_3293726	male	80	torso	melanoma	malignant	1
ISIC_7384382	IP_7121757	female	35	torso	unknown	benign	0
ISIC_7386340	IP_8041141	female	20	lower extremity	unknown	benign	0
ISIC_7389320	IP_1645936	female	65	torso	unknown	benign	0
ISIC_7392738	IP_1242186	male	60	lower extremity	unknown	benign	0
ISIC_7392931	IP_2501903	male	30	lower extremity	unknown	benign	0
ISIC_7407589	IP_6977878	male	35	torso	unknown	benign	0
ISIC_7426904	IP_7735373	male	55	torso	unknown	benign	0
ISIC_7438913	IP_2153088	female	30	upper extremity	unknown	benign	0
ISIC_7460887	IP_7180935	female	30	torso	melanoma	malignant	1
ISIC_7465990	IP_8427477	male	70	torso	nevus	benign	0
ISIC_7466678	IP_3517456	male	55	lower extremity	melanoma	malignant	1
ISIC_7478025	IP_8590096	male	75	torso	unknown	benign	0
ISIC_7486061	IP_9906035	male	50	torso	unknown	benign	0
ISIC_7489564	IP_9037179	male	70	torso	melanoma	malignant	1
ISIC_7521537	IP_2026598	male	20	torso	unknown	benign	0
ISIC_7536704	IP_3994607	male	75	torso	melanoma	malignant	1
ISIC_7546219	IP_6613083	female	80	upper extremity	melanoma	malignant	1
ISIC_7550852	IP_4722284	male	65	lower extremity	nevus	benign	0
ISIC_7563949	IP_7279968	male	45	upper extremity	unknown	benign	0
ISIC_7577395	IP_6153406	female	40	torso	melanoma	malignant	1
ISIC_7601403	IP_7772951	male	45	lower extremity	unknown	benign	0
ISIC_7607166	IP_5872065	male	50	torso	unknown	benign	0
ISIC_7614221	IP_9942136	male	30	torso	melanoma	malignant	1
ISIC_7658729	IP_8869881	female	25	lower extremity	melanoma	malignant	1
ISIC_7705876	IP_8645527	male	55	lower extremity	unknown	benign	0
ISIC_7712138	IP_5440659	male	35	torso	unknown	benign	0
ISIC_7724762	IP_5744544	female	70	torso	melanoma	malignant	1
ISIC_7725994	IP_8104255	male	35	torso	nevus	benign	0
ISIC_7727960	IP_3423256	female	60	upper extremity	unknown	benign	0
ISIC_7759394	IP_6247245	male	65	torso	unknown	benign	0
ISIC_7761711	IP_0660290	male	60	torso	unknown	benign	0
ISIC_7763042	IP_1139701	female	45	lower extremity	melanoma	malignant	1
ISIC_7797853	IP_7252102	male	45	torso	unknown	benign	0
ISIC_7800750	IP_1545708	female	80	upper extremity	melanoma	malignant	1
ISIC_7804919	IP_9298839	male	40	torso	unknown	benign	0
ISIC_7861911	IP_4959878	female	30	lower extremity	unknown	benign	0
ISIC_7893482	IP_2959285	male	75	lower extremity	unknown	benign	0
ISIC_7894406	IP_3621895	female	55	upper extremity	nevus	benign	0
ISIC_7927285	IP_8246666	female	60	torso	nevus	benign	0
ISIC_7936755	IP_0232771	male	75	lower extremity	melanoma	malignant	1
ISIC_7947102	IP_4387709	male	40	lower extremity	unknown	benign	0
ISIC_7949595	IP_7132179	male	40	upper extremity	unknown	benign	0
ISIC_7980387	IP_0175414	male	60	torso	unknown	benign	0
ISIC_7991946	IP_4488328	male	40	head/neck	unknown	benign	0
ISIC_8006211	IP_5874294	male	70	lower extremity	melanoma	malignant	1
ISIC_8011058	IP_3662918	female	30	lower extremity	melanoma	malignant	1
ISIC_8020098	IP_9826072	male	70	torso	unknown	benign	0
ISIC_8051791	IP_1658752	male	55	torso	nevus	benign	0
ISIC_8066660	IP_0358698	male	50	torso	nevus	benign	0
ISIC_8083159	IP_7132551	male	55	torso	unknown	benign	0
ISIC_8143286	IP_9102359	male	40	lower extremity	unknown	benign	0
ISIC_8146801	IP_4788035	male	65	torso	unknown	benign	0
ISIC_8184471	IP_6092770	female	70	torso	nevus	benign	0
ISIC_8194835	IP_2302748	female	60	lower extremity	melanoma	malignant	1
ISIC_8195528	IP_8738175	male	70	torso	unknown	benign	0
ISIC_8228595	IP_9298839	male	40	torso	unknown	benign	0
ISIC_8231999	IP_2516168	male	60	head/neck	melanoma	malignant	1
ISIC_8252406	IP_3750016	male	85	palms/soles	melanoma	malignant	1
ISIC_8255942	IP_6616887	female	70	upper extremity	nevus	benign	0
ISIC_8263489	IP_9111321	male	60	torso	melanoma	malignant	1
ISIC_8264436	IP_6342052	male	65	torso	unknown	benign	0
ISIC_8306697	IP_9175987	male	65	torso	melanoma	malignant	1
ISIC_8320443	IP_6512345	male	65	torso	unknown	benign	0
ISIC_8325226	IP_0585473	male	75	torso	melanoma	malignant	1
ISIC_8336606	IP_2506801	female	75	torso	unknown	benign	0
ISIC_8348712	IP_6129542	female	25	torso	unknown	benign	0
ISIC_8379956	IP_8412988	female	70	NA	melanoma	malignant	1
ISIC_8409977	IP_8916501	male	50	upper extremity	unknown	benign	0
ISIC_8414673	IP_4445194	male	60	torso	unknown	benign	0
ISIC_8460226	IP_1885773	female	65	torso	unknown	benign	0
ISIC_8497457	IP_2005898	female	70	torso	melanoma	malignant	1
ISIC_8505412	IP_7890415	male	60	upper extremity	unknown	benign	0
ISIC_8509577	IP_2412574	male	70	torso	melanoma	malignant	1
ISIC_8527092	IP_7386073	male	55	head/neck	melanoma	malignant	1
ISIC_8556734	IP_1419269	male	55	upper extremity	unknown	benign	0
ISIC_8609756	IP_1264754	female	65	lower extremity	melanoma	malignant	1
ISIC_8615491	IP_5278162	male	60	head/neck	melanoma	malignant	1
ISIC_8617277	IP_3281766	female	40	torso	melanoma	malignant	1
ISIC_8652341	IP_6661651	male	65	head/neck	lentigo NOS	benign	0
ISIC_8657079	IP_0968880	male	60	torso	unknown	benign	0
ISIC_8667588	IP_5389392	male	55	torso	unknown	benign	0
ISIC_8679067	IP_6875077	male	50	torso	unknown	benign	0
ISIC_8695278	IP_5543080	male	60	lower extremity	unknown	benign	0
ISIC_8701206	IP_0521041	male	60	torso	nevus	benign	0
ISIC_8702237	IP_0738123	female	50	lower extremity	melanoma	malignant	1
ISIC_8744681	IP_0400168	female	60	head/neck	unknown	benign	0
ISIC_8750509	IP_3054890	male	30	torso	nevus	benign	0
ISIC_8759073	IP_3986523	male	40	lower extremity	unknown	benign	0
ISIC_8779202	IP_2871134	male	60	torso	unknown	benign	0
ISIC_8787826	IP_4130585	female	65	lower extremity	unknown	benign	0
ISIC_8789051	IP_1386934	female	80	upper extremity	melanoma	malignant	1
ISIC_8806647	IP_4959878	female	30	torso	unknown	benign	0
ISIC_8822782	IP_9346829	female	60	upper extremity	unknown	benign	0
ISIC_8825731	IP_4938438	female	20	upper extremity	unknown	benign	0
ISIC_8859388	IP_2378734	female	50	torso	unknown	benign	0
ISIC_8869114	IP_2596575	female	55	torso	unknown	benign	0
ISIC_8872158	IP_7826462	male	90	head/neck	melanoma	malignant	1
ISIC_8882374	IP_2147407	female	35	torso	melanoma	malignant	1
ISIC_8887405	IP_2153088	female	30	lower extremity	unknown	benign	0
ISIC_8913782	IP_1582457	male	50	torso	unknown	benign	0
ISIC_8928041	IP_1969685	male	50	torso	unknown	benign	0
ISIC_8953242	IP_3943416	male	35	torso	nevus	benign	0
ISIC_8963299	IP_6342052	male	65	lower extremity	unknown	benign	0
ISIC_8970499	IP_3222187	female	40	upper extremity	unknown	benign	0
ISIC_8975142	IP_0656529	male	60	head/neck	unknown	benign	0
ISIC_8985109	IP_9579751	male	45	torso	melanoma	malignant	1
ISIC_8992332	IP_8766487	female	40	upper extremity	unknown	benign	0
ISIC_9001948	IP_9909432	male	50	torso	melanoma	malignant	1
ISIC_9012513	IP_3045056	male	70	torso	melanoma	malignant	1
ISIC_9022054	IP_2738065	female	15	oral/genital	unknown	benign	0
ISIC_9048507	IP_7330399	female	55	lower extremity	melanoma	malignant	1
ISIC_9088976	IP_2520657	male	40	torso	nevus	benign	0
ISIC_9100283	IP_9585016	male	40	torso	unknown	benign	0
ISIC_9107811	IP_3549978	female	40	upper extremity	unknown	benign	0
ISIC_9109985	IP_1697215	female	35	upper extremity	unknown	benign	0
ISIC_9124447	IP_2501903	male	30	torso	melanoma	malignant	1
ISIC_9174306	IP_4611463	male	70	head/neck	melanoma	malignant	1
ISIC_9174738	IP_3228049	male	40	lower extremity	unknown	benign	0
ISIC_9175856	IP_4479736	female	25	torso	unknown	benign	0
ISIC_9189897	IP_6945048	male	35	torso	nevus	benign	0
ISIC_9230809	IP_3057277	male	45	NA	unknown	benign	0
ISIC_9287611	IP_9826072	male	70	torso	unknown	benign	0
ISIC_9295349	IP_9712836	female	45	lower extremity	unknown	benign	0
ISIC_9301809	IP_0612651	female	25	torso	unknown	benign	0
ISIC_9312164	IP_4263066	female	65	torso	melanoma	malignant	1
ISIC_9317483	IP_6151980	female	50	torso	melanoma	malignant	1
ISIC_9369222	IP_5872065	male	50	lower extremity	unknown	benign	0
ISIC_9402503	IP_0660290	male	60	torso	unknown	benign	0
ISIC_9443041	IP_5605474	female	40	torso	unknown	benign	0
ISIC_9460379	IP_5178963	female	50	lower extremity	nevus	benign	0
ISIC_9492896	IP_0612651	female	25	torso	unknown	benign	0
ISIC_9505359	IP_0961415	male	45	torso	unknown	benign	0
ISIC_9544832	IP_1999627	male	80	torso	melanoma	malignant	1
ISIC_9556334	IP_6529005	male	50	upper extremity	melanoma	malignant	1
ISIC_9560694	IP_6949859	male	55	upper extremity	nevus	benign	0
ISIC_9565803	IP_8766487	female	25	torso	unknown	benign	0
ISIC_9579703	IP_0657134	male	50	torso	melanoma	malignant	1
ISIC_9580941	IP_3858753	male	35	torso	unknown	benign	0
ISIC_9583969	IP_4281194	female	90	torso	melanoma	malignant	1
ISIC_9612481	IP_4611463	male	70	head/neck	melanoma	malignant	1
ISIC_9615629	IP_7279968	male	45	upper extremity	unknown	benign	0
ISIC_9626843	IP_7113209	male	35	lower extremity	melanoma	malignant	1
ISIC_9654161	IP_1188709	female	30	torso	unknown	benign	0
ISIC_9677503	IP_5086592	male	55	head/neck	melanoma	malignant	1
ISIC_9682473	IP_9144134	male	10	palms/soles	unknown	benign	0
ISIC_9689618	IP_9124285	male	55	upper extremity	unknown	benign	0
ISIC_9713281	IP_9427625	male	20	torso	unknown	benign	0
ISIC_9750403	IP_3710233	male	60	torso	unknown	benign	0
ISIC_9752880	IP_8561849	male	40	upper extremity	nevus	benign	0
ISIC_9764872	IP_5698400	female	30	upper extremity	nevus	benign	0
ISIC_9785077	IP_8039328	female	35	head/neck	melanoma	malignant	1
ISIC_9815365	IP_6676823	female	25	upper extremity	unknown	benign	0
ISIC_9828846	IP_8210115	male	55	head/neck	melanoma	malignant	1
ISIC_9834463	IP_9899071	female	35	torso	unknown	benign	0
ISIC_9847428	IP_0962375	female	55	lower extremity	unknown	benign	0
ISIC_9870619	IP_3200260	female	30	lower extremity	unknown	benign	0
ISIC_9870885	IP_3298186	female	80	lower extremity	melanoma	malignant	1
ISIC_9889001	IP_2153088	female	30	torso	unknown	benign	0
ISIC_9903033	IP_6997528	female	35	torso	unknown	benign	0
ISIC_9910791	IP_6776978	female	60	head/neck	melanoma	malignant	1
ISIC_9914108	IP_1890779	female	55	torso	unknown	benign	0
ISIC_9947624	IP_3365162	male	65	torso	unknown	benign	0
ISIC_9967383	IP_7887363	male	60	upper extremity	melanoma	malignant	1
ISIC_9986563	IP_8766487	female	40	upper extremity	unknown	benign	0
ISIC_9998682	IP_2516168	male	60	head/neck	melanoma	malignant	1
ISIC_9999515	IP_2026598	male	20	lower extremity	unknown	benign	0
